<?xml version="1.0"?>
<pagescount>
	<html_total>10</html_total>
	<html_done>10</html_done>
	<img>116</img>
	<js>17</js>
	<css>13</css>
	<pdf/>
	<doc/>
	<xls/>
	<ppt/>
	<swf/>
	<mp3/>
	<mp4/>
	<xml/>
	<json/>
	<txt/>
	<fonts>4</fonts>
	<scraping_reload>1</scraping_reload>
	<is_pretty_url>false</is_pretty_url>
	<is_ebn>false</is_ebn>
	<theme_name>367467</theme_name>
	<server_url_front_page>https://www6.waybackmachinedownloader.com/wdo/files/demo/algoritmolab.com_email_yopmail.com_pkyq5t5l7g/</server_url_front_page>
	<no_www_url>algoritmolab.com</no_www_url>
	<hosted_domain/>
	<original_archive_url>https://algoritmolab.com/</original_archive_url>
	<final_archive_url>https://algoritmolab.com/</final_archive_url>
	<front_page_code_date/>
	<total_urls_from_api/>
	<search_url_added>false</search_url_added>
	<total_size>9692</total_size>
</pagescount>
